age,annual_income,investment_horizon,experience_years,risk_tolerance_score,risk_profile
56,286787.16,28,7,9,Aggressive
69,247140.86,14,8,8,Moderate
46,170170.33,5,11,2,Conservative
32,77850.84,22,25,9,Aggressive
60,370891.36,24,8,5,Moderate
25,112447.53,27,9,10,Aggressive
78,75335.37,1,24,6,Conservative
38,222446.08,30,1,3,Conservative
56,401764.08,18,15,3,Conservative
75,377630.98,16,19,10,Moderate
36,46343.66,9,6,8,Aggressive
40,238468.97,19,27,10,Aggressive
28,270768.6,22,1,10,Moderate
28,329382.39,5,0,2,Conservative
41,332080.33,27,18,2,Conservative
70,195054.68,2,27,5,Conservative
53,289125.05,30,3,6,Moderate
57,250909.7,15,23,2,Conservative
41,444799.21,7,21,5,Moderate
20,274527.26,4,26,7,Aggressive
39,231695.44,1,1,10,Conservative
70,214153.02,13,30,10,Moderate
19,294765.32,20,24,8,Aggressive
41,405908.95,22,13,7,Aggressive
61,278432.72,7,1,8,Conservative
47,337594.48,15,28,9,Aggressive
55,374170.77,23,14,5,Aggressive
19,269680.69,14,11,5,Moderate
77,224872.19,23,4,10,Moderate
38,440799.38,19,27,4,Moderate
50,220402.92,22,19,9,Aggressive
29,241732.57,29,28,5,Moderate
75,495363.83,24,6,2,Aggressive
39,20114.01,20,23,10,Aggressive
78,109027.0,29,20,8,Moderate
61,204302.67,24,9,7,Moderate
42,467643.16,18,13,8,Aggressive
66,53614.26,10,13,3,Conservative
44,24553.01,9,4,4,Moderate
76,45288.24,25,17,5,Conservative
80,62500.84,8,23,6,Conservative
59,38046.45,26,13,1,Conservative
45,250295.04,30,1,4,Conservative
77,298763.46,29,25,10,Moderate
33,150409.75,10,11,5,Moderate
32,211177.94,17,21,7,Aggressive
79,64015.68,2,23,5,Conservative
79,181457.82,6,5,1,Conservative
64,270809.21,26,3,7,Moderate
79,371490.47,5,12,8,Moderate
68,21606.25,28,3,7,Moderate
61,244309.17,30,21,4,Conservative
72,162561.38,9,13,8,Conservative
69,429354.47,5,30,5,Conservative
74,363465.59,18,15,10,Moderate
20,302772.1,26,28,9,Aggressive
54,153087.51,20,3,10,Aggressive
68,456962.77,9,23,5,Conservative
24,41648.33,17,24,1,Moderate
38,72544.45,27,0,9,Moderate
26,207982.47,17,12,5,Moderate
56,79730.03,12,3,6,Moderate
35,479079.53,7,19,4,Moderate
21,403034.87,27,17,6,Moderate
42,144311.67,3,5,8,Aggressive
77,302506.03,10,2,3,Conservative
31,491518.65,2,22,5,Conservative
67,444415.51,25,12,2,Conservative
75,308383.25,3,26,2,Conservative
26,453787.5,16,15,7,Aggressive
43,494808.76,2,26,10,Moderate
70,376809.35,28,4,10,Moderate
19,51193.48,24,3,10,Aggressive
37,212758.51,10,20,6,Moderate
45,422156.35,6,7,4,Moderate
64,130673.21,22,18,5,Conservative
77,418708.41,26,13,1,Conservative
24,77762.61,11,6,7,Aggressive
61,42533.77,23,30,8,Moderate
78,204363.49,7,13,9,Moderate
25,37631.33,27,5,8,Aggressive
64,479489.73,29,11,5,Conservative
52,416578.73,15,15,3,Conservative
31,404369.45,6,16,10,Aggressive
34,322293.4,20,12,9,Moderate
53,123835.53,27,22,6,Moderate
67,268764.98,9,13,5,Conservative
57,306691.55,22,28,3,Conservative
21,272015.12,20,6,6,Moderate
19,144912.02,12,13,3,Conservative
79,267319.0,19,14,10,Moderate
23,255769.44,20,11,6,Moderate
71,498241.17,3,16,4,Conservative
59,450769.35,15,8,2,Conservative
21,242422.76,2,21,8,Moderate
71,319009.94,30,14,4,Conservative
46,378978.37,21,11,9,Aggressive
80,36735.28,2,1,7,Conservative
35,449562.29,22,4,2,Conservative
43,432860.87,3,12,4,Moderate
61,239567.41,6,26,5,Conservative
51,207761.49,15,19,3,Conservative
27,151020.5,27,22,9,Aggressive
79,248804.88,10,7,5,Conservative
53,41300.8,9,26,2,Conservative
31,429052.9,1,13,3,Conservative
48,37002.74,16,14,9,Aggressive
65,177944.66,6,10,7,Moderate
32,467162.95,9,0,2,Conservative
25,372902.07,27,20,9,Aggressive
31,155067.66,4,30,4,Moderate
40,141271.57,27,2,9,Aggressive
77,22439.43,28,16,2,Conservative
74,353942.86,2,27,10,Conservative
79,43416.12,29,18,4,Conservative
57,275649.21,4,13,5,Moderate
38,481818.55,1,21,2,Moderate
33,72545.05,19,29,10,Conservative
62,449350.37,26,22,1,Conservative
35,495908.16,25,7,7,Aggressive
64,49528.17,10,12,10,Moderate
70,443795.01,21,26,1,Conservative
41,267717.93,15,19,8,Aggressive
43,455126.59,27,2,3,Conservative
42,294233.09,22,4,10,Aggressive
77,337813.76,19,8,6,Conservative
77,281013.88,16,28,7,Moderate
77,434956.58,21,5,10,Moderate
62,372276.76,27,30,1,Conservative
58,270204.95,24,24,6,Moderate
46,436717.19,22,30,7,Aggressive
32,137737.06,4,21,6,Moderate
62,95523.52,2,1,4,Conservative
18,96992.05,30,12,1,Conservative
42,180324.26,25,4,9,Aggressive
24,134571.22,13,27,4,Moderate
26,466443.37,28,26,7,Conservative
41,70800.37,1,24,7,Moderate
18,355515.55,17,7,2,Conservative
61,110826.34,13,22,1,Conservative
25,443185.82,4,0,8,Moderate
41,481431.34,7,19,8,Aggressive
80,243425.6,17,11,7,Moderate
28,441954.31,9,22,8,Aggressive
68,22469.68,4,10,3,Conservative
34,413574.52,19,6,2,Conservative
25,129740.08,1,14,7,Moderate
52,456176.63,10,21,8,Aggressive
52,20537.65,4,23,1,Aggressive
50,286967.23,9,10,10,Aggressive
76,383185.19,13,28,9,Moderate
22,144170.4,14,21,4,Moderate
59,112703.78,10,25,4,Moderate
56,60367.15,6,15,3,Conservative
75,176688.12,16,2,6,Aggressive
58,288725.27,6,19,1,Conservative
45,75605.05,17,13,6,Moderate
24,200813.77,10,2,2,Conservative
26,24354.75,18,0,9,Moderate
25,412966.12,27,30,2,Moderate
29,81655.38,22,25,7,Aggressive
51,156004.62,18,20,1,Conservative
50,28845.3,3,14,7,Aggressive
65,227475.58,20,0,5,Conservative
72,423258.32,27,16,8,Moderate
40,208232.58,21,1,4,Moderate
79,106158.72,25,28,10,Moderate
41,381775.44,28,19,7,Aggressive
54,398627.35,15,5,6,Aggressive
52,103401.67,15,7,5,Moderate
61,390009.97,4,28,4,Conservative
57,474702.99,29,15,7,Aggressive
39,99861.24,27,18,5,Moderate
44,390072.46,9,0,5,Conservative
52,360114.56,27,2,1,Conservative
18,247315.47,26,27,2,Conservative
52,47801.82,19,2,5,Conservative
54,55853.32,24,4,3,Conservative
64,429159.04,28,26,2,Conservative
31,495271.22,17,11,4,Moderate
20,344505.08,11,11,4,Moderate
18,234059.99,25,19,4,Moderate
22,330835.35,9,12,4,Moderate
43,305310.01,10,19,3,Conservative
72,204133.88,18,8,7,Moderate
80,51500.55,20,6,9,Moderate
31,414326.21,13,3,5,Moderate
56,198480.09,8,18,4,Moderate
44,413017.11,7,21,2,Conservative
26,141204.2,17,18,2,Conservative
32,20494.15,21,5,5,Moderate
32,96290.38,23,26,7,Aggressive
43,244898.92,15,12,10,Aggressive
59,473265.74,20,10,10,Aggressive
77,69052.94,15,12,9,Moderate
30,430020.69,1,12,7,Moderate
68,272971.57,25,27,5,Conservative
80,416441.97,14,24,10,Moderate
49,163219.73,5,21,10,Aggressive
56,423174.64,11,27,10,Aggressive
66,390954.93,16,19,6,Conservative
69,130425.77,2,14,3,Conservative
78,83040.86,8,20,5,Moderate
49,436666.07,11,12,8,Aggressive
21,482353.59,29,21,1,Conservative
47,35025.11,18,10,1,Conservative
54,371009.63,3,18,7,Aggressive
40,456571.77,30,7,5,Moderate
56,431532.84,26,19,5,Moderate
62,482969.83,1,7,1,Conservative
32,384845.16,11,9,9,Moderate
60,232303.41,16,25,1,Conservative
46,169736.96,18,15,5,Moderate
53,173956.52,30,18,10,Aggressive
30,367722.88,16,25,9,Aggressive
49,378001.77,23,22,4,Moderate
24,116172.39,10,10,8,Aggressive
76,436698.95,18,12,6,Conservative
68,363163.54,6,27,3,Conservative
39,290120.14,19,8,4,Moderate
45,246335.58,4,19,2,Conservative
19,280751.75,27,23,1,Conservative
59,96437.95,13,18,8,Aggressive
62,117776.6,24,15,1,Conservative
79,63758.96,14,6,1,Conservative
74,93755.86,3,18,4,Conservative
70,237772.94,10,11,10,Conservative
23,274570.11,6,14,10,Aggressive
45,28573.71,1,30,6,Conservative
45,402462.96,23,22,9,Aggressive
61,161200.63,24,13,1,Aggressive
61,457681.3,27,10,7,Moderate
37,484405.41,14,25,10,Aggressive
47,109020.26,8,9,5,Moderate
79,241806.7,19,26,8,Moderate
28,20591.28,14,10,7,Aggressive
75,307197.09,10,5,4,Moderate
72,311507.1,17,1,4,Conservative
45,138819.18,9,10,6,Moderate
42,288038.08,29,18,6,Moderate
56,128259.27,6,5,9,Aggressive
79,97196.23,11,13,5,Conservative
50,332729.34,25,19,8,Aggressive
18,176444.22,7,5,5,Moderate
74,303326.69,17,16,2,Conservative
44,227958.44,28,9,6,Moderate
79,492488.68,28,27,9,Moderate
74,91798.71,1,0,3,Conservative
69,243007.33,22,2,1,Aggressive
30,346619.18,5,7,1,Conservative
58,209861.64,9,7,3,Conservative
20,487855.93,18,26,10,Aggressive
56,366506.06,24,19,5,Moderate
23,335352.25,27,21,3,Conservative
25,383388.45,21,14,9,Aggressive
44,477271.35,2,23,8,Moderate
26,455752.95,29,6,3,Conservative
79,367656.95,26,10,9,Moderate
54,379597.59,11,6,6,Conservative
50,90042.6,27,28,7,Aggressive
68,69340.35,28,3,4,Conservative
59,294034.16,6,24,4,Moderate
61,28816.47,26,11,2,Conservative
41,251531.06,8,25,5,Moderate
32,120967.8,4,5,8,Aggressive
76,186087.95,18,13,7,Moderate
71,392386.27,28,11,7,Moderate
49,471794.0,11,10,6,Moderate
49,54759.81,5,18,3,Conservative
41,276436.26,15,20,5,Moderate
58,443616.07,28,4,1,Conservative
69,59604.1,18,13,7,Moderate
66,415766.74,2,20,9,Conservative
79,191744.65,22,23,1,Conservative
66,174605.46,11,15,2,Conservative
75,489183.87,26,24,3,Conservative
69,116412.36,25,12,3,Conservative
29,352733.09,13,24,8,Conservative
79,414291.55,4,28,7,Moderate
56,39768.08,22,21,6,Moderate
19,341785.02,7,21,10,Aggressive
20,476743.99,29,24,10,Aggressive
66,79625.58,11,19,4,Conservative
54,450186.23,22,21,9,Aggressive
66,305492.79,24,3,1,Conservative
73,315970.2,4,10,2,Conservative
34,314213.2,28,16,4,Moderate
76,163441.23,15,6,3,Conservative
66,468896.87,1,13,1,Conservative
19,474728.22,23,25,5,Moderate
19,320146.24,3,10,7,Aggressive
45,396042.91,14,27,2,Conservative
71,313883.83,6,21,5,Conservative
40,252511.25,18,8,6,Moderate
54,337193.66,25,22,7,Conservative
49,285440.7,1,12,1,Conservative
50,306788.41,6,22,7,Aggressive
18,396239.63,6,17,4,Moderate
36,250833.84,21,27,8,Conservative
79,39561.97,16,10,4,Conservative
19,98719.75,29,14,6,Moderate
70,230531.46,5,24,9,Moderate
61,367916.75,17,25,5,Conservative
43,304773.75,10,24,4,Moderate
49,332141.21,28,21,8,Aggressive
23,250053.89,21,28,9,Conservative
49,315556.17,18,18,4,Moderate
72,177928.37,7,0,3,Conservative
21,245687.64,3,3,8,Aggressive
72,377253.95,13,13,5,Conservative
28,438479.73,15,13,2,Conservative
73,228154.56,20,2,10,Moderate
76,40957.6,19,29,9,Moderate
34,97602.82,3,27,3,Conservative
80,30013.35,4,16,2,Conservative
55,333566.25,5,2,1,Conservative
41,179511.02,1,15,8,Moderate
22,280389.75,4,13,3,Conservative
69,256772.89,12,29,7,Moderate
51,59132.71,28,19,1,Conservative
23,213565.45,27,28,1,Conservative
39,125869.34,24,12,9,Aggressive
28,220831.9,10,14,8,Aggressive
80,117717.57,23,13,3,Conservative
65,423417.16,25,23,6,Conservative
33,103612.8,21,24,3,Conservative
50,481174.66,29,18,4,Moderate
26,219635.54,26,5,1,Conservative
77,426197.74,20,9,5,Conservative
76,321807.11,24,26,1,Conservative
23,372968.14,25,14,1,Conservative
33,388507.47,13,20,10,Conservative
46,262325.54,23,21,7,Aggressive
20,280784.25,14,19,6,Moderate
37,266718.02,23,25,2,Conservative
77,302268.02,5,5,2,Conservative
76,34109.33,4,22,7,Moderate
53,209847.28,14,24,1,Conservative
36,310970.58,10,9,2,Conservative
43,306907.31,17,6,8,Aggressive
20,400618.93,10,21,6,Moderate
80,334404.48,26,16,2,Conservative
36,496223.99,7,17,7,Aggressive
37,156250.17,16,16,4,Moderate
49,192392.49,1,8,2,Conservative
24,204246.63,17,9,6,Moderate
69,243590.15,21,9,9,Moderate
58,421279.07,29,24,9,Aggressive
50,133180.21,9,6,8,Aggressive
57,392480.1,6,15,3,Conservative
56,214548.89,19,28,3,Conservative
35,308890.58,13,17,2,Conservative
57,323619.46,3,5,5,Moderate
18,198967.35,7,26,4,Moderate
28,266055.3,22,19,7,Aggressive
45,218254.96,9,0,4,Conservative
74,53183.74,22,0,9,Conservative
42,229839.39,5,11,2,Conservative
67,66748.83,10,20,6,Conservative
40,214409.98,23,27,7,Aggressive
48,304600.83,17,1,4,Conservative
47,298119.15,12,3,6,Moderate
59,338058.21,23,16,7,Aggressive
52,65725.52,16,3,4,Moderate
24,333019.16,3,10,8,Aggressive
77,169831.07,30,21,9,Moderate
33,211542.05,25,25,1,Conservative
43,431833.4,22,3,7,Aggressive
65,24334.59,9,0,9,Conservative
74,302438.06,29,6,10,Moderate
69,307382.71,15,29,5,Conservative
77,210396.69,5,17,2,Aggressive
66,133773.37,23,8,10,Moderate
19,132643.54,13,28,6,Moderate
18,444180.64,14,2,7,Aggressive
65,232171.7,20,7,2,Conservative
79,178826.89,15,28,2,Conservative
29,235413.24,16,23,10,Aggressive
22,341307.39,23,18,10,Conservative
54,89963.15,13,3,1,Conservative
49,235728.24,17,17,4,Moderate
76,302184.5,23,19,7,Moderate
72,475320.01,8,26,9,Moderate
26,141213.34,21,10,3,Conservative
58,192440.36,2,26,7,Moderate
52,202092.12,5,13,7,Aggressive
36,310658.32,6,24,7,Aggressive
65,191231.39,12,17,2,Conservative
33,276085.72,18,27,6,Moderate
20,395259.36,30,27,2,Conservative
37,358585.09,22,28,6,Conservative
41,234256.95,22,15,10,Aggressive
71,434823.77,1,2,3,Conservative
73,287907.32,30,14,2,Conservative
50,279154.8,17,26,6,Moderate
41,36410.13,30,26,2,Aggressive
69,493612.63,11,30,5,Conservative
28,79025.99,10,3,2,Conservative
66,130942.84,19,4,3,Conservative
25,44814.48,14,16,3,Conservative
53,327201.42,26,6,6,Moderate
55,127856.56,10,15,6,Moderate
57,106405.01,15,13,10,Conservative
37,62506.68,28,25,3,Conservative
79,69588.3,19,15,3,Conservative
52,300641.94,4,6,1,Aggressive
65,350339.78,2,8,7,Conservative
79,210741.91,9,3,8,Moderate
42,250350.6,10,29,2,Conservative
52,349264.51,28,29,4,Moderate
42,28342.3,11,21,10,Moderate
46,175102.72,14,10,7,Conservative
35,487086.92,7,1,8,Moderate
63,298453.87,23,11,1,Conservative
35,142027.8,15,11,4,Moderate
19,270430.42,22,29,6,Moderate
71,184473.67,19,3,3,Conservative
52,275477.59,22,17,5,Moderate
33,80355.93,15,25,10,Aggressive
78,83703.03,30,20,9,Moderate
58,88900.33,28,30,3,Conservative
53,471113.5,24,6,5,Moderate
50,371791.48,8,28,8,Aggressive
21,97943.31,11,0,6,Conservative
50,110407.56,29,30,4,Moderate
31,370798.15,9,25,8,Aggressive
38,94958.65,15,25,3,Conservative
65,132589.42,1,22,3,Conservative
37,482406.48,30,25,4,Moderate
73,142547.13,1,12,9,Conservative
25,337583.53,19,5,5,Moderate
24,489743.02,3,5,8,Moderate
20,199662.45,10,11,6,Moderate
34,28407.68,8,7,3,Conservative
50,137190.7,15,23,8,Aggressive
65,418821.05,10,21,9,Moderate
29,435012.24,1,18,8,Moderate
76,388889.29,29,4,4,Conservative
68,74292.71,18,17,6,Conservative
39,401844.98,2,30,1,Conservative
72,460965.34,19,29,4,Conservative
39,308292.58,13,4,8,Aggressive
63,471620.17,22,29,1,Conservative
47,416882.66,1,24,3,Conservative
55,340146.33,2,9,1,Conservative
55,297048.91,29,0,9,Moderate
62,187315.36,16,9,2,Conservative
68,96457.97,15,4,9,Moderate
71,310377.88,13,11,4,Conservative
25,172693.55,16,21,2,Conservative
44,435890.56,17,29,4,Moderate
44,496801.73,21,26,10,Aggressive
51,381165.33,29,6,6,Moderate
38,63431.21,29,8,7,Aggressive
47,158569.09,7,21,3,Conservative
50,72372.62,24,20,3,Conservative
45,332245.59,26,11,10,Aggressive
64,387291.61,17,22,8,Moderate
50,464323.92,7,28,5,Moderate
22,230322.73,13,0,4,Conservative
77,452660.31,5,10,7,Moderate
78,441387.76,26,29,7,Moderate
65,172253.94,17,20,9,Moderate
36,437072.3,3,14,9,Aggressive
21,200322.68,7,1,5,Conservative
52,162497.25,26,19,8,Aggressive
66,331555.84,17,6,10,Moderate
34,177622.99,7,20,1,Conservative
61,322500.2,21,11,9,Moderate
45,312719.27,1,21,8,Moderate
47,290450.69,17,17,6,Moderate
46,202601.46,30,2,3,Conservative
63,283279.87,17,6,3,Conservative
70,306313.03,11,10,8,Moderate
23,281929.71,25,17,5,Moderate
52,233321.34,27,11,10,Aggressive
77,27040.19,29,5,7,Moderate
58,301789.62,3,4,5,Moderate
54,100853.3,15,25,8,Aggressive
41,328436.47,29,0,10,Conservative
46,384485.28,21,11,10,Aggressive
66,260213.75,11,26,4,Conservative
63,280334.56,26,30,2,Conservative
70,476709.71,28,25,3,Conservative
48,426640.33,16,10,8,Aggressive
52,458833.53,25,3,7,Aggressive
77,410607.82,22,26,2,Conservative
50,72280.8,28,17,6,Moderate
69,91516.09,9,3,9,Moderate
80,272779.42,24,16,4,Conservative
78,138113.44,24,1,9,Conservative
38,248813.83,1,28,2,Conservative
49,209295.36,29,23,2,Conservative
40,283718.83,25,21,9,Aggressive
50,378500.34,22,1,7,Moderate
20,363435.64,16,11,7,Aggressive
35,270192.38,9,30,1,Conservative
42,414748.84,19,5,6,Moderate
59,226813.8,12,9,7,Aggressive
48,450422.86,19,24,6,Moderate
71,54214.53,22,22,6,Conservative
75,478236.81,9,24,2,Conservative
20,334252.68,7,20,6,Moderate
57,202435.76,14,22,4,Moderate
63,114633.98,29,26,9,Moderate
41,250007.95,19,15,1,Conservative
67,113388.0,19,30,8,Moderate
49,99839.17,2,13,5,Conservative
64,316328.84,9,6,1,Conservative
39,271080.67,13,27,4,Moderate
40,341646.1,15,27,1,Conservative
19,466210.82,3,18,6,Moderate
80,275484.9,11,22,2,Conservative
44,298847.39,21,16,5,Moderate
59,63020.64,14,8,7,Aggressive
19,364465.18,30,25,2,Conservative
43,211954.5,25,12,6,Moderate
34,488828.11,8,21,6,Moderate
57,415123.53,18,4,5,Moderate
50,270790.9,19,22,5,Moderate
26,79146.87,16,4,3,Conservative
60,432519.58,2,9,10,Moderate
71,403894.93,8,20,10,Moderate
65,108600.86,22,26,2,Conservative
56,161733.58,6,9,7,Aggressive
46,400835.48,12,26,1,Conservative
59,108909.65,15,6,6,Moderate
72,460521.19,25,25,6,Conservative
43,223773.16,8,14,3,Conservative
52,61778.7,4,6,2,Conservative
67,411559.35,15,28,2,Conservative
42,199284.65,28,26,9,Aggressive
41,272719.61,20,14,5,Moderate
30,73906.09,25,2,7,Aggressive
77,21240.33,17,18,5,Conservative
75,326232.9,13,9,7,Aggressive
24,267284.08,18,27,4,Moderate
74,304898.51,2,28,8,Conservative
53,400997.05,13,14,10,Aggressive
62,330370.84,13,2,10,Moderate
37,103891.25,22,5,7,Aggressive
18,193170.81,15,11,10,Aggressive
25,454827.73,20,14,5,Moderate
63,389573.46,29,5,6,Conservative
33,287185.79,27,12,5,Moderate
31,142709.6,10,28,7,Aggressive
29,164989.04,29,18,2,Conservative
68,371339.87,3,2,5,Conservative
40,428563.65,19,7,10,Aggressive
32,342283.84,3,7,3,Conservative
45,408574.39,22,22,9,Conservative
51,387994.94,14,25,6,Moderate
19,91857.9,8,19,10,Aggressive
49,223493.51,27,14,3,Conservative
40,93432.22,23,3,7,Aggressive
80,132913.08,30,18,4,Conservative
39,437244.62,4,20,3,Conservative
68,246988.14,27,2,8,Moderate
42,276971.89,28,12,4,Moderate
75,105654.06,20,7,1,Conservative
80,169890.46,11,22,6,Conservative
79,130518.16,26,15,10,Aggressive
78,118969.36,11,12,1,Aggressive
39,326221.18,27,2,5,Moderate
75,143304.25,30,15,7,Moderate
75,323367.43,11,8,6,Conservative
39,48058.21,2,27,2,Conservative
66,88051.71,30,13,4,Conservative
69,151779.32,17,12,2,Aggressive
59,306582.52,9,20,1,Conservative
23,344403.8,28,24,3,Moderate
32,232504.14,28,6,3,Conservative
71,233979.64,2,14,7,Conservative
60,367768.09,29,6,1,Conservative
77,27594.12,24,5,9,Moderate
54,183723.21,15,1,6,Conservative
50,412979.39,16,8,4,Moderate
25,309545.32,25,21,3,Conservative
70,181869.02,4,23,3,Moderate
77,454651.9,8,16,2,Conservative
61,390858.91,9,4,2,Conservative
61,147149.81,26,11,10,Moderate
22,329739.12,26,0,5,Aggressive
56,305960.35,5,9,9,Aggressive
21,212570.2,16,10,2,Conservative
23,196138.92,13,15,2,Conservative
62,184909.03,30,13,6,Moderate
49,316234.78,7,7,10,Aggressive
69,232356.77,26,23,2,Conservative
47,419294.29,20,16,4,Moderate
64,341409.26,17,24,6,Conservative
52,53567.17,3,17,5,Moderate
72,327280.75,5,11,1,Conservative
57,150150.77,19,24,6,Moderate
69,304549.76,12,16,1,Conservative
33,346463.33,29,27,3,Conservative
30,130798.01,27,25,10,Conservative
67,239292.15,7,13,5,Conservative
77,111355.93,28,15,10,Moderate
59,45122.66,9,13,5,Moderate
47,201668.68,28,8,10,Aggressive
36,194213.25,6,3,6,Moderate
34,497830.64,29,24,10,Aggressive
73,234249.13,26,22,8,Moderate
80,180113.38,17,10,5,Conservative
36,298628.0,16,5,1,Conservative
45,62608.35,23,14,5,Moderate
75,481599.55,3,4,3,Conservative
72,324780.82,21,10,4,Conservative
43,382322.15,26,24,8,Aggressive
54,101829.41,4,17,7,Aggressive
43,216549.37,10,29,5,Moderate
70,222890.77,5,12,2,Conservative
79,414467.09,21,10,6,Conservative
40,20593.61,22,13,6,Conservative
80,164409.49,30,27,10,Moderate
26,490993.46,10,17,10,Aggressive
29,247945.54,12,26,6,Moderate
70,203612.61,10,27,9,Moderate
18,77517.92,29,30,8,Aggressive
75,487599.02,13,24,8,Moderate
75,29612.65,11,27,1,Conservative
18,373846.51,22,18,5,Moderate
64,388927.91,16,23,7,Moderate
51,136955.22,8,26,6,Moderate
49,342348.05,8,14,5,Moderate
79,64605.99,27,8,8,Moderate
71,143382.69,25,7,3,Conservative
65,398192.95,8,19,6,Conservative
42,435049.37,13,27,5,Aggressive
57,312073.48,27,0,8,Moderate
62,263282.45,2,3,4,Conservative
70,96465.93,30,13,8,Moderate
18,50292.34,30,24,10,Aggressive
33,76471.53,12,1,2,Conservative
78,129131.5,10,15,9,Moderate
56,184003.76,12,2,9,Aggressive
80,202836.57,11,25,10,Moderate
22,186234.45,15,7,10,Aggressive
39,134746.56,16,5,6,Moderate
46,264667.64,17,15,4,Moderate
72,416137.33,26,23,4,Conservative
20,154257.7,2,15,6,Conservative
29,472345.77,18,6,5,Moderate
43,439201.6,12,29,6,Moderate
33,97646.82,19,12,7,Aggressive
68,397412.46,26,12,7,Moderate
54,295801.94,23,4,9,Aggressive
39,291956.17,18,24,8,Aggressive
74,207700.53,30,19,6,Conservative
46,260553.44,17,21,6,Moderate
31,210645.81,30,17,5,Moderate
45,279071.66,6,14,1,Conservative
22,321416.03,25,17,9,Aggressive
64,343665.83,15,1,9,Conservative
66,275590.97,3,9,9,Moderate
47,366282.59,6,22,8,Aggressive
63,87813.46,3,12,10,Moderate
79,121751.6,30,17,3,Conservative
69,412992.8,29,14,1,Conservative
22,174813.43,1,30,8,Moderate
29,30989.04,30,11,7,Aggressive
33,93819.75,13,14,5,Moderate
43,127334.93,28,12,10,Aggressive
43,479514.99,21,17,7,Aggressive
65,295059.89,26,14,10,Moderate
38,467710.76,14,24,4,Moderate
56,296078.41,13,22,9,Aggressive
53,250090.13,27,10,10,Aggressive
50,170589.29,4,18,2,Conservative
79,311058.05,7,2,9,Moderate
47,86815.05,22,6,9,Aggressive
54,451165.58,10,20,5,Moderate
40,418079.55,7,25,1,Conservative
75,172415.09,21,13,7,Moderate
27,477342.81,15,13,10,Aggressive
71,416096.37,15,21,10,Moderate
22,339827.31,4,12,4,Aggressive
53,78445.72,23,11,9,Aggressive
51,249552.33,23,23,6,Moderate
69,262931.63,6,8,3,Moderate
48,131624.65,24,0,6,Conservative
27,58383.39,20,18,10,Aggressive
75,392827.34,26,10,6,Conservative
36,78576.83,5,22,5,Conservative
75,305259.56,20,21,2,Conservative
49,469495.6,12,22,10,Aggressive
18,440530.49,1,23,10,Moderate
73,153321.26,28,21,2,Conservative
22,428695.35,8,18,7,Aggressive
62,20159.6,1,17,2,Conservative
21,28490.15,5,11,6,Moderate
33,309225.52,22,22,5,Moderate
41,195103.15,6,27,4,Moderate
33,205501.2,29,27,7,Aggressive
72,290931.72,21,27,8,Moderate
19,112055.58,3,26,4,Conservative
66,121642.57,15,0,1,Conservative
45,252608.76,5,18,1,Conservative
49,382041.7,28,27,1,Conservative
44,317358.92,24,26,1,Moderate
37,162730.42,14,19,5,Moderate
41,226561.85,18,28,4,Moderate
29,101919.08,16,29,9,Aggressive
67,55822.31,6,16,3,Conservative
52,395694.1,25,4,7,Aggressive
77,147385.96,24,25,8,Moderate
50,105327.87,14,2,6,Moderate
50,351976.67,27,1,10,Moderate
78,316664.8,24,30,1,Conservative
68,323931.02,8,2,8,Moderate
60,129869.41,29,7,10,Aggressive
54,131669.86,7,15,3,Conservative
29,125985.26,8,5,8,Aggressive
20,103401.25,13,12,4,Moderate
18,334747.36,6,29,8,Aggressive
50,427047.62,18,22,1,Conservative
57,367672.39,2,27,3,Conservative
27,400204.94,8,21,6,Moderate
60,214303.25,11,21,9,Aggressive
61,333956.38,1,15,2,Conservative
46,190033.4,22,27,1,Conservative
30,272242.22,29,15,10,Aggressive
29,251184.73,6,2,3,Moderate
48,104905.83,16,27,4,Moderate
63,205797.8,27,12,5,Conservative
19,482634.69,20,13,3,Conservative
78,139318.52,12,7,10,Moderate
68,84225.79,11,11,2,Conservative
67,220918.7,29,22,2,Conservative
52,399362.11,27,22,7,Aggressive
40,299431.15,29,21,9,Aggressive
34,346867.92,10,20,10,Aggressive
43,111053.53,3,25,2,Conservative
25,317095.13,13,7,7,Aggressive
46,175280.19,27,20,7,Aggressive
43,420465.62,3,24,7,Aggressive
27,322063.43,15,8,3,Conservative
43,115451.01,16,0,7,Moderate
79,51016.01,29,5,1,Moderate
51,40463.94,13,22,10,Aggressive
68,198276.11,17,18,1,Conservative
58,147608.55,3,22,5,Moderate
24,330123.26,20,10,2,Conservative
21,259680.24,11,10,9,Aggressive
75,147689.25,27,22,7,Moderate
70,91634.13,21,29,4,Aggressive
67,81055.89,19,12,4,Conservative
62,435036.99,22,10,2,Conservative
28,136869.42,11,17,5,Moderate
46,332821.11,30,22,4,Moderate
73,409129.25,28,14,1,Conservative
53,314759.03,16,0,8,Moderate
42,432591.31,21,20,3,Conservative
38,208348.99,3,24,6,Moderate
78,478986.65,22,6,4,Conservative
74,83909.6,6,22,9,Moderate
53,69031.77,14,26,7,Aggressive
27,336172.23,24,12,9,Aggressive
54,472558.95,18,11,10,Aggressive
26,408264.06,17,17,3,Conservative
41,56680.09,4,23,1,Conservative
52,154096.5,23,18,5,Moderate
66,466553.06,15,14,3,Conservative
52,141468.05,11,7,6,Moderate
65,394961.8,26,18,8,Moderate
53,416063.45,3,9,4,Moderate
35,257817.01,3,6,5,Moderate
66,205447.48,16,17,5,Conservative
56,236059.73,5,15,4,Moderate
49,128943.05,21,19,4,Moderate
41,446907.64,29,26,4,Moderate
40,236297.44,10,5,4,Moderate
79,443580.53,19,26,4,Conservative
49,70732.87,25,8,5,Moderate
54,494372.13,4,20,2,Conservative
29,232771.08,29,12,2,Moderate
66,42958.79,29,24,9,Moderate
72,38250.49,19,30,2,Conservative
30,378179.48,11,20,6,Moderate
40,336337.06,2,25,2,Conservative
42,405022.67,10,7,5,Moderate
52,70576.42,29,15,4,Aggressive
58,37074.02,11,12,7,Aggressive
47,264118.06,25,12,7,Aggressive
34,206045.71,20,16,6,Moderate
66,241734.53,16,22,10,Moderate
79,495962.44,19,19,5,Conservative
37,485959.98,23,4,1,Conservative
65,472311.39,24,21,3,Conservative
42,396244.48,11,20,9,Aggressive
39,190323.85,14,27,1,Conservative
30,217822.85,2,16,5,Conservative
76,283815.7,23,27,2,Conservative
36,418656.54,28,8,4,Moderate
66,52982.16,5,1,1,Conservative
53,223662.51,27,24,3,Conservative
29,59656.48,5,25,10,Aggressive
78,267035.64,19,17,7,Moderate
58,451472.4,21,8,10,Aggressive
36,395592.76,12,5,3,Conservative
29,129364.36,18,10,4,Moderate
26,488475.61,4,24,2,Conservative
24,340328.19,22,28,3,Conservative
45,25005.3,17,5,9,Aggressive
31,142598.47,10,5,3,Conservative
48,145142.38,20,12,5,Moderate
69,53242.07,6,10,2,Conservative
36,480716.73,25,13,4,Moderate
75,249562.54,14,1,7,Conservative
64,449991.01,11,7,7,Moderate
33,174663.44,11,2,3,Conservative
70,80112.11,29,22,5,Conservative
22,247681.33,18,20,1,Conservative
52,74699.18,27,2,10,Aggressive
29,253287.44,23,0,10,Moderate
42,461742.65,22,23,10,Aggressive
69,269968.71,18,18,1,Aggressive
76,315919.87,24,17,5,Conservative
38,95186.45,23,16,10,Aggressive
53,40993.1,11,19,9,Aggressive
70,73187.82,21,28,1,Conservative
40,307295.16,12,23,1,Conservative
33,65605.62,5,12,4,Moderate
74,200476.59,23,2,4,Aggressive
56,284044.13,9,29,2,Conservative
62,206553.34,27,0,9,Conservative
70,98568.22,25,3,9,Moderate
59,151419.83,9,24,2,Conservative
75,465592.42,22,12,9,Moderate
56,344471.49,10,16,6,Moderate
31,258102.96,22,27,8,Aggressive
48,26103.15,19,29,10,Aggressive
75,496359.39,1,10,4,Conservative
22,342298.37,7,1,2,Conservative
52,172122.79,4,24,2,Moderate
40,442048.96,1,15,9,Moderate
46,144047.18,15,1,1,Conservative
60,281127.96,8,28,7,Aggressive
28,325313.97,12,18,3,Conservative
35,126110.42,22,22,3,Conservative
64,489630.69,22,18,2,Conservative
29,379132.11,18,24,10,Aggressive
26,287750.35,15,15,6,Moderate
27,106685.41,17,21,10,Aggressive
75,45851.94,29,18,2,Conservative
61,173628.72,14,8,10,Conservative
34,381529.92,14,0,4,Conservative
78,149279.02,18,9,10,Moderate
55,278986.99,20,18,9,Aggressive
24,369414.64,18,0,9,Moderate
63,71812.98,16,1,6,Conservative
30,348943.05,1,15,4,Conservative
57,64098.03,23,11,7,Aggressive
59,483262.28,27,7,1,Conservative
26,254429.18,11,22,4,Moderate
67,92324.53,15,17,5,Conservative
44,184344.15,12,1,8,Moderate
75,218439.9,8,24,2,Conservative
19,383928.81,22,28,5,Moderate
22,376843.42,20,12,6,Moderate
46,313731.44,30,5,5,Moderate
54,70846.74,6,20,9,Aggressive
55,92753.3,3,25,10,Aggressive
36,65003.32,28,5,1,Conservative
25,297042.94,24,8,3,Conservative
65,441026.45,26,15,2,Conservative
62,228224.25,30,10,3,Conservative
18,97207.12,13,6,10,Aggressive
39,287860.32,13,30,9,Aggressive
69,409641.06,2,9,9,Conservative
34,376021.79,5,9,10,Aggressive
80,443096.37,17,29,2,Aggressive
24,153393.01,6,24,3,Conservative
42,113097.86,2,19,4,Conservative
62,442311.91,4,17,9,Moderate
21,335628.95,22,27,3,Conservative
53,169245.89,26,23,7,Aggressive
23,376327.06,11,19,3,Conservative
77,411256.82,8,28,7,Moderate
48,315189.56,12,8,7,Aggressive
36,350184.37,8,30,9,Aggressive
78,200124.75,11,14,2,Conservative
61,278573.92,22,3,6,Conservative
71,271596.4,20,30,9,Moderate
56,427062.94,8,7,2,Conservative
44,423182.71,29,8,2,Conservative
27,419686.63,8,12,5,Aggressive
43,25295.17,26,8,10,Aggressive
36,379781.83,30,25,10,Aggressive
56,384164.67,17,3,10,Aggressive
79,345621.83,20,16,8,Moderate
20,383007.04,20,15,9,Aggressive
62,424145.78,23,14,2,Conservative
30,245753.15,16,2,5,Moderate
67,260984.1,14,24,7,Moderate
45,79862.75,30,19,6,Moderate
79,204980.42,11,4,6,Conservative
75,328815.29,7,22,7,Moderate
37,394591.89,16,4,3,Conservative
45,124260.37,13,19,3,Conservative
25,86154.99,27,14,10,Aggressive
78,338260.16,15,17,9,Conservative
80,20902.34,24,14,8,Moderate
58,105618.84,16,1,5,Conservative
56,33954.26,27,28,6,Moderate
18,100104.86,21,12,10,Aggressive
20,107033.25,23,3,1,Conservative
30,206083.33,24,9,10,Aggressive
45,213117.02,9,12,1,Conservative
79,439645.99,3,9,4,Conservative
74,264852.66,19,28,2,Conservative
80,367234.29,20,30,7,Moderate
77,69985.93,5,8,2,Conservative
66,128210.6,10,7,10,Moderate
42,357412.85,17,2,2,Conservative
73,45345.9,15,15,5,Conservative
50,253566.88,23,30,4,Moderate
55,307697.1,25,13,8,Aggressive
70,309029.91,8,8,4,Conservative
23,31007.75,15,29,6,Moderate
75,174611.84,21,20,5,Conservative
61,325515.51,30,10,2,Conservative
62,91519.87,14,2,8,Moderate
49,353799.51,20,4,2,Conservative
62,378044.1,28,28,9,Moderate
78,491345.21,7,9,9,Moderate
64,120724.16,21,12,3,Conservative
38,416062.72,23,3,4,Moderate
33,269742.36,12,23,8,Aggressive
71,199262.05,17,12,9,Moderate
38,78740.84,17,11,3,Conservative
28,373042.69,10,4,5,Moderate
77,133211.65,30,9,8,Moderate
54,198282.56,29,27,3,Conservative
53,50020.27,19,23,7,Aggressive
52,404656.12,14,8,8,Aggressive
36,387962.49,11,19,10,Aggressive
37,372135.6,2,6,3,Conservative
74,163732.89,18,1,2,Conservative
35,103270.44,7,21,10,Conservative
64,326025.57,12,23,7,Moderate
58,258159.86,26,27,9,Aggressive
66,105561.18,2,22,1,Conservative
31,349237.41,27,6,3,Conservative
32,495740.69,20,7,5,Moderate
48,378665.4,18,6,3,Conservative
18,375193.47,6,20,1,Conservative
70,476150.12,24,22,7,Moderate
71,117409.46,10,28,7,Moderate
71,291463.98,20,13,10,Moderate
20,490230.42,15,25,8,Aggressive
33,99341.17,5,18,5,Moderate
40,356120.94,20,4,10,Aggressive
74,301188.87,3,22,5,Conservative
28,301509.96,5,30,5,Conservative
29,354881.9,30,24,1,Conservative
27,466216.12,25,30,10,Moderate
49,395639.33,8,17,5,Moderate
33,46945.33,8,19,6,Moderate
25,429309.45,8,11,1,Conservative
55,128259.84,12,22,7,Aggressive
29,200918.8,24,16,1,Conservative
41,241631.75,23,12,2,Conservative
45,250834.88,8,1,2,Conservative
70,228886.59,11,24,5,Conservative
25,469929.58,14,12,10,Aggressive
75,358889.12,8,25,7,Moderate
45,322961.91,29,6,1,Conservative
53,43924.17,30,27,10,Aggressive
43,453878.4,24,9,1,Conservative
25,456507.29,28,22,1,Conservative
75,394502.27,10,5,6,Conservative
77,23374.02,7,2,2,Conservative
67,47494.52,28,25,1,Conservative
45,128107.38,17,2,6,Moderate
45,83047.72,4,17,2,Conservative
54,211441.29,29,10,6,Moderate
58,462859.07,13,21,10,Aggressive
53,246589.01,4,19,8,Aggressive
44,26433.26,5,4,2,Conservative
71,155717.93,26,18,9,Moderate
80,41405.56,22,21,8,Moderate
34,37418.06,4,26,10,Conservative
26,152345.53,18,27,1,Aggressive
50,152293.92,6,18,7,Aggressive
70,397820.77,24,29,10,Moderate
37,487920.63,24,14,6,Moderate
30,198179.41,23,29,6,Moderate
45,225865.7,22,15,6,Conservative
65,425498.93,2,23,6,Conservative
46,148706.73,23,8,10,Aggressive
30,95063.27,11,3,7,Aggressive
63,429483.02,28,14,3,Conservative
52,42320.28,14,24,6,Moderate
78,317455.73,30,11,3,Aggressive
23,289756.57,5,22,7,Aggressive
35,186041.81,6,2,7,Aggressive
68,171290.97,10,22,8,Moderate
22,390491.71,8,13,2,Conservative
64,61483.81,14,16,9,Moderate
42,133656.47,24,18,5,Moderate
19,371575.39,3,5,9,Aggressive
27,283193.88,12,3,10,Aggressive
73,81434.34,16,6,5,Conservative
47,443425.09,28,29,7,Aggressive
67,208854.97,30,18,9,Moderate
76,417376.82,23,16,4,Conservative
62,398102.25,17,24,2,Conservative
22,319724.21,1,15,9,Aggressive
72,257350.94,23,14,2,Aggressive
73,490184.4,10,21,3,Conservative
50,89583.23,25,7,10,Aggressive
71,368074.75,23,18,2,Conservative
18,111771.54,10,7,3,Conservative
35,182366.29,21,17,6,Moderate
49,168175.4,24,27,3,Conservative
64,474577.27,2,15,10,Conservative
66,484330.97,9,19,8,Moderate
28,107847.41,22,18,6,Moderate
38,30576.88,13,9,7,Aggressive
43,365603.86,25,16,1,Conservative
80,220635.17,16,30,3,Conservative
42,62643.32,18,12,3,Conservative
39,348201.97,19,12,2,Conservative
76,281650.65,12,6,7,Moderate
44,490648.07,8,26,9,Aggressive
66,129156.56,17,9,4,Aggressive
30,213909.38,15,1,5,Conservative
50,280421.99,10,3,3,Conservative
51,400015.99,15,24,9,Aggressive
58,283442.56,15,5,4,Moderate
52,314192.08,23,23,5,Moderate
80,128550.58,7,17,1,Conservative
18,426520.99,13,22,2,Conservative
38,225742.66,17,5,9,Aggressive
65,87660.62,9,28,2,Conservative
72,338810.2,8,29,5,Conservative
23,123723.42,20,24,8,Aggressive
45,66830.0,26,22,3,Moderate
34,433753.72,27,16,6,Moderate
22,240877.89,21,13,4,Moderate
48,379656.18,18,23,7,Aggressive
22,159482.03,13,10,10,Aggressive
55,397745.66,16,25,3,Conservative
20,73729.24,9,30,6,Moderate
70,190867.22,12,18,10,Moderate
40,489469.67,12,29,9,Aggressive
54,401115.06,6,1,10,Moderate
70,258682.85,19,27,1,Conservative
54,183093.19,28,2,3,Conservative
27,438625.14,7,10,2,Conservative
27,281526.92,25,5,8,Aggressive
36,384044.01,3,28,7,Aggressive
34,381971.69,16,13,2,Conservative
38,28613.93,18,18,6,Moderate
31,80601.82,16,25,3,Conservative
26,336622.1,23,15,8,Aggressive
63,97577.51,7,20,10,Moderate
18,142636.81,4,21,3,Conservative
68,474386.22,27,23,10,Moderate
62,288887.48,25,6,9,Moderate
30,380350.16,30,29,1,Conservative
21,287830.75,8,26,5,Moderate
79,285206.54,13,7,3,Conservative
18,65192.92,13,18,6,Moderate
66,184958.33,17,19,10,Conservative
57,155566.83,17,15,2,Conservative
49,207549.62,5,21,9,Aggressive
51,403205.21,6,26,6,Moderate
45,198527.68,19,6,7,Aggressive
48,236814.47,13,8,5,Moderate
25,210743.07,25,12,9,Aggressive
56,64835.83,28,0,1,Conservative
43,231714.64,26,28,5,Moderate
75,113892.45,14,30,10,Moderate
51,109627.18,22,7,6,Moderate
71,65137.33,4,23,7,Moderate
71,191202.07,28,21,4,Conservative
20,383591.3,7,3,1,Conservative
76,152692.01,8,2,8,Moderate
67,169927.57,25,26,10,Moderate
29,328483.84,13,2,4,Moderate
18,114003.59,27,21,3,Conservative
71,450539.81,6,12,7,Moderate
61,269691.45,6,7,2,Conservative
22,234849.41,24,6,8,Moderate
47,287753.69,28,26,6,Moderate
47,99696.47,21,0,7,Aggressive
76,314467.11,30,26,5,Conservative
74,194288.35,3,15,9,Moderate
34,450649.44,28,5,5,Moderate
65,101050.02,3,6,5,Conservative
80,263384.53,13,11,3,Moderate
64,307094.06,22,22,1,Conservative
40,36024.13,2,8,2,Conservative
32,194572.7,16,26,8,Aggressive
54,371664.91,22,10,1,Conservative
38,413781.2,29,9,7,Aggressive
31,170317.76,6,20,5,Moderate
19,403324.77,8,0,3,Moderate
28,484522.82,23,17,7,Aggressive
68,431299.49,8,30,9,Moderate
56,76469.11,30,3,2,Conservative
55,375070.56,25,4,8,Aggressive
77,173440.08,6,8,9,Moderate
51,494439.67,14,26,3,Conservative
55,252972.31,3,30,2,Conservative
67,78768.27,10,16,7,Moderate
51,368089.06,3,2,5,Moderate
35,175045.38,27,15,5,Moderate
47,498597.52,12,4,10,Aggressive
32,490295.58,17,15,5,Moderate
44,334944.33,27,2,4,Moderate
68,82316.7,29,19,5,Conservative
80,349693.28,5,14,4,Conservative
51,64654.63,30,29,6,Conservative
69,34094.8,20,2,4,Conservative
74,415020.05,25,19,2,Conservative
55,120681.41,9,13,9,Aggressive
50,201933.02,30,30,2,Conservative
41,487259.55,21,15,9,Aggressive
32,181683.44,26,28,10,Aggressive
77,162315.1,20,28,6,Conservative
47,460739.84,7,30,9,Aggressive
72,73159.25,22,30,9,Moderate
59,384599.56,4,16,3,Conservative
68,494271.47,13,27,1,Conservative
34,452622.09,13,23,1,Conservative
22,332800.6,10,19,3,Conservative
46,170749.18,18,22,5,Moderate
21,142074.55,17,17,3,Conservative
27,413242.45,20,17,9,Aggressive
73,442314.52,20,21,9,Moderate
34,272208.76,13,13,3,Conservative
27,137283.17,17,17,3,Conservative
34,74212.74,22,14,5,Moderate
77,61846.14,4,14,2,Conservative
37,365157.17,1,5,6,Conservative
41,221656.99,1,26,7,Moderate
22,454572.74,15,14,9,Aggressive
51,375042.22,13,17,6,Moderate
23,111805.0,17,3,3,Conservative
70,314613.16,24,22,5,Conservative
19,229042.62,26,7,4,Moderate
30,297079.87,8,14,5,Moderate
79,374273.18,18,2,8,Moderate
60,406974.02,27,29,8,Aggressive
60,424993.92,13,14,6,Moderate
65,141907.94,23,12,1,Conservative
28,34935.49,14,8,8,Aggressive
68,374861.47,8,1,8,Conservative
64,71044.99,8,23,2,Conservative
74,171161.4,27,7,4,Conservative
40,21832.22,26,28,2,Aggressive
72,347201.35,15,29,4,Conservative
33,100223.37,27,19,10,Aggressive
48,334535.56,13,16,7,Aggressive
28,496036.46,7,12,9,Aggressive
71,54882.02,5,0,8,Conservative
33,56997.45,17,1,9,Moderate
25,183382.44,28,29,8,Aggressive
21,435865.53,25,14,2,Conservative
57,123454.34,29,11,7,Aggressive
21,192981.35,16,13,2,Conservative
73,52882.6,23,24,2,Aggressive
42,386314.54,2,28,4,Conservative
20,215987.04,22,1,1,Conservative
49,384439.39,18,17,5,Moderate
20,453731.77,17,21,6,Moderate
44,131726.31,30,6,9,Aggressive
46,407550.09,7,28,10,Aggressive
49,48365.07,13,22,8,Aggressive
67,451446.75,18,30,2,Conservative
78,332368.9,29,28,1,Moderate
75,439628.83,14,24,2,Conservative
68,20090.43,30,5,7,Aggressive
36,101158.91,18,13,4,Moderate
38,207084.51,13,7,10,Aggressive
22,202161.39,11,26,5,Moderate
35,128830.58,21,21,7,Aggressive
45,203173.73,30,1,3,Conservative
59,81847.38,21,16,10,Aggressive
78,218125.34,16,4,2,Conservative
39,405130.08,23,13,7,Aggressive
38,249953.63,17,24,5,Conservative
23,28640.04,8,23,1,Conservative
18,222293.14,19,29,1,Conservative
22,33044.01,20,28,9,Aggressive
58,483796.84,15,19,5,Moderate
29,81177.9,9,20,1,Conservative
43,359690.4,20,28,7,Aggressive
63,486932.63,10,20,9,Moderate
51,416498.74,12,21,1,Conservative
66,355671.38,21,2,10,Moderate
31,422941.24,23,4,4,Moderate
43,491263.37,20,15,3,Conservative
62,318245.36,30,17,5,Conservative
44,288408.71,1,25,7,Moderate
26,321554.29,25,16,8,Aggressive
43,275684.43,20,10,2,Conservative
74,324842.77,9,16,7,Moderate
64,235924.26,22,15,1,Conservative
74,124852.73,15,25,7,Moderate
39,77718.67,1,22,8,Moderate
64,52803.65,12,1,2,Conservative
73,146391.58,3,3,9,Moderate
47,42139.31,11,20,1,Conservative
60,292241.97,2,6,6,Conservative
80,156237.65,16,1,1,Aggressive
65,415776.71,9,29,3,Conservative
78,55635.62,15,5,6,Conservative
34,128648.72,12,16,3,Conservative
43,370518.15,1,6,8,Moderate
53,307427.98,13,24,5,Moderate
18,50955.81,14,4,2,Conservative
25,441074.94,25,4,4,Moderate
66,441085.65,25,19,9,Moderate
52,178595.84,8,15,4,Moderate
78,183394.8,8,18,10,Conservative
69,494733.61,27,8,10,Moderate
32,320564.56,30,4,8,Aggressive
64,275031.93,12,7,5,Conservative
80,422313.05,1,8,10,Conservative
73,156939.36,11,4,1,Conservative
39,226007.64,8,9,7,Aggressive
31,148532.8,10,24,3,Conservative
43,398797.21,30,1,10,Moderate
45,295207.69,19,8,8,Conservative
40,336236.03,11,10,3,Conservative
31,141107.48,7,3,1,Conservative
41,125708.14,11,21,5,Moderate
19,254419.82,17,21,2,Conservative
62,374031.56,1,21,4,Conservative
43,272115.08,26,1,1,Conservative
31,35669.93,29,22,9,Aggressive
76,436904.72,21,28,6,Conservative
73,51049.71,21,5,8,Moderate
68,478795.75,8,26,4,Conservative
24,32068.14,23,13,9,Aggressive
20,353336.22,24,0,2,Conservative
64,59459.39,6,17,9,Moderate
40,457124.76,22,6,5,Moderate
63,242927.95,18,0,6,Conservative
60,86011.41,6,30,3,Conservative
64,183591.54,5,0,4,Conservative
77,99115.84,13,0,6,Conservative
62,101879.32,19,23,7,Moderate
35,475091.99,22,3,1,Conservative
75,233718.13,8,3,7,Moderate
55,398625.09,9,28,1,Conservative
52,327010.67,17,17,5,Moderate
68,344684.65,3,26,6,Conservative
32,83212.85,19,10,2,Conservative
42,132408.53,11,26,10,Aggressive
72,397640.16,24,0,9,Conservative
54,485967.78,17,27,10,Moderate
45,146084.31,21,9,6,Moderate
27,150353.01,19,8,7,Moderate
56,246990.62,2,22,10,Moderate
74,492243.35,8,3,8,Moderate
34,149100.29,19,27,10,Aggressive
56,215346.52,7,5,1,Conservative
39,447910.41,28,29,8,Aggressive
43,21402.1,27,15,4,Moderate
79,39087.66,17,1,10,Conservative
61,309954.4,6,22,8,Moderate
42,455542.48,19,17,6,Moderate
34,134651.2,24,9,9,Aggressive
30,245428.05,6,23,4,Moderate
37,236223.34,28,23,2,Aggressive
42,247026.25,2,16,2,Conservative
21,318809.45,6,12,5,Moderate
27,245477.01,23,23,10,Aggressive
20,234784.71,5,17,9,Aggressive
58,247658.44,19,21,3,Conservative
62,303616.37,20,12,8,Moderate
35,277763.59,4,16,4,Moderate
64,429985.28,22,4,6,Conservative
53,43758.49,26,10,10,Aggressive
64,419992.19,17,6,6,Conservative
39,425083.81,11,28,3,Conservative
51,156755.85,4,9,5,Moderate
64,242168.94,26,16,3,Conservative
25,230498.47,13,14,1,Conservative
57,124884.72,20,17,7,Aggressive
66,210462.49,26,22,4,Conservative
61,41306.13,17,21,7,Moderate
36,153354.59,9,18,3,Conservative
59,412007.44,4,29,5,Moderate
58,156589.9,23,25,5,Moderate
54,412739.2,28,1,2,Conservative
23,275167.74,14,25,10,Aggressive
69,442334.09,19,3,2,Conservative
43,295894.19,26,2,4,Moderate
51,34240.75,28,6,4,Moderate
76,344201.7,3,23,4,Conservative
73,41529.71,14,17,6,Conservative
76,236286.57,8,9,2,Conservative
62,466124.81,24,6,6,Conservative
23,99297.89,27,7,7,Aggressive
54,207138.73,28,5,10,Aggressive
74,370332.95,1,21,3,Conservative
50,443484.11,10,25,8,Aggressive
70,342052.64,18,0,2,Conservative
39,143923.16,16,3,8,Aggressive
38,343811.77,8,13,5,Moderate
23,162429.27,1,16,2,Conservative
23,364846.03,12,19,7,Aggressive
72,477935.9,8,17,2,Conservative
65,366268.86,24,10,6,Conservative
21,434182.64,16,28,10,Aggressive
47,21009.84,18,20,3,Conservative
28,364434.62,4,25,9,Aggressive
79,418202.03,6,13,3,Moderate
79,39468.19,12,8,3,Conservative
47,438366.91,27,26,5,Moderate
48,143213.23,9,14,7,Aggressive
41,339340.21,15,11,8,Aggressive
72,404170.34,16,9,7,Moderate
26,338078.97,24,18,9,Aggressive
72,64296.7,12,23,5,Conservative
20,306234.33,24,18,10,Aggressive
68,283800.16,23,5,3,Conservative
48,452154.21,14,19,6,Moderate
57,214035.07,13,23,5,Moderate
54,174118.93,25,26,4,Moderate
53,379928.37,2,5,2,Conservative
41,218084.16,3,7,7,Aggressive
48,330126.16,26,0,5,Conservative
23,330296.04,24,21,4,Moderate
19,446258.75,30,16,8,Aggressive
37,307372.35,22,16,9,Aggressive
45,261033.73,10,23,9,Aggressive
28,86658.24,9,14,3,Conservative
21,75554.05,26,6,3,Conservative
32,94074.35,20,18,5,Moderate
23,102487.27,8,21,5,Moderate
71,326181.0,10,30,10,Moderate
66,375671.0,19,24,2,Conservative
47,274395.93,3,22,1,Conservative
73,417928.51,24,27,8,Moderate
55,495806.35,5,2,3,Conservative
68,413606.06,3,29,1,Conservative
79,353543.54,26,29,1,Conservative
74,275596.5,27,28,2,Conservative
19,235449.47,16,21,6,Moderate
32,60508.34,17,10,6,Conservative
28,211697.0,15,19,3,Conservative
25,456864.63,3,29,4,Moderate
43,407850.86,12,28,2,Conservative
68,123704.66,9,18,2,Conservative
62,243971.74,21,8,7,Aggressive
61,412027.14,12,9,1,Conservative
22,52344.59,26,1,7,Moderate
23,205948.44,15,0,1,Conservative
43,428883.79,2,30,6,Conservative
71,213870.97,23,29,3,Conservative
21,57255.03,18,15,8,Aggressive
36,280416.5,20,17,6,Moderate
37,433636.4,12,22,2,Conservative
50,303337.06,23,25,8,Aggressive
37,128613.97,4,16,5,Moderate
66,204435.02,23,5,8,Moderate
29,236059.21,16,13,8,Aggressive
64,298047.85,23,22,6,Conservative
18,384488.49,16,24,2,Conservative
43,67459.34,1,14,8,Moderate
31,447032.98,22,13,6,Moderate
55,25908.66,25,23,6,Moderate
54,197625.12,2,21,8,Moderate
79,33161.75,30,2,1,Conservative
28,208627.63,3,23,2,Conservative
80,272390.05,26,22,9,Moderate
53,265607.07,21,18,8,Aggressive
30,99501.61,25,24,7,Aggressive
60,329955.44,20,11,7,Aggressive
20,41493.66,17,1,5,Conservative
50,385715.27,20,2,2,Conservative
23,474389.33,22,17,6,Moderate
67,183089.04,21,28,10,Moderate
73,268274.9,30,0,3,Conservative
27,201876.93,29,19,4,Moderate
22,23220.99,1,20,10,Moderate
40,205219.76,20,28,2,Conservative
27,400025.72,6,5,2,Conservative
61,306074.64,29,4,8,Moderate
19,68604.76,15,0,8,Moderate
30,426626.96,26,18,10,Aggressive
57,274920.97,26,0,6,Conservative
19,424027.21,14,26,5,Moderate
37,298506.33,20,20,8,Aggressive
18,288650.45,15,20,4,Moderate
80,70524.41,14,15,4,Aggressive
54,100332.67,25,11,5,Moderate
26,486572.12,21,26,1,Conservative
34,129673.64,24,28,1,Conservative
26,489177.02,25,21,2,Conservative
28,275318.1,26,7,8,Aggressive
32,85178.74,5,25,7,Aggressive
41,67665.06,6,15,10,Aggressive
55,120254.75,17,27,9,Moderate
72,464305.92,11,0,5,Conservative
52,218792.11,16,3,2,Conservative
47,209808.45,12,9,7,Aggressive
48,170339.01,15,10,8,Aggressive
66,90589.69,23,16,7,Moderate
22,254168.57,4,24,7,Aggressive
79,82422.94,27,26,5,Moderate
77,421030.51,18,22,2,Conservative
61,197790.55,21,6,6,Conservative
67,199905.71,28,11,4,Conservative
31,247523.09,3,20,10,Aggressive
70,233181.3,22,6,2,Conservative
73,497531.83,8,11,9,Moderate
28,281782.94,23,14,7,Aggressive
26,62336.82,3,1,6,Conservative
51,311301.12,8,13,5,Moderate
29,92760.46,18,12,3,Conservative
52,34850.07,10,3,10,Aggressive
52,485956.23,25,13,10,Aggressive
18,391298.67,20,13,4,Moderate
57,490452.32,17,15,3,Conservative
39,249381.66,8,6,8,Aggressive
77,275483.61,23,18,3,Conservative
46,100801.74,11,1,7,Moderate
25,138515.56,29,9,7,Aggressive
28,422503.62,5,17,7,Aggressive
58,190969.11,26,28,7,Aggressive
54,416871.19,13,16,2,Conservative
31,360326.59,21,4,10,Moderate
77,105042.04,23,11,3,Conservative
47,263574.26,5,5,10,Aggressive
52,345145.91,24,21,9,Aggressive
38,132817.86,27,8,3,Conservative
54,418730.49,13,19,2,Conservative
22,281517.28,6,0,9,Moderate
36,99316.18,29,21,10,Aggressive
76,299832.52,5,14,9,Moderate
31,499862.63,9,20,4,Moderate
43,92250.32,27,25,9,Moderate
79,412043.33,16,5,3,Conservative
21,119508.32,2,18,7,Moderate
42,395546.4,1,17,7,Moderate
62,372597.4,8,5,8,Moderate
59,164234.91,28,12,10,Aggressive
42,176395.1,19,0,4,Conservative
35,400410.27,30,22,3,Conservative
57,241493.85,11,22,3,Conservative
25,370792.65,28,25,5,Moderate
56,91032.39,12,12,1,Moderate
57,429227.74,12,6,10,Aggressive
31,361224.66,7,14,3,Conservative
49,455332.55,26,11,6,Moderate
68,83538.74,13,26,3,Conservative
78,304646.96,27,25,5,Conservative
55,307577.88,8,0,9,Moderate
50,189661.16,29,14,2,Conservative
40,240063.88,29,3,2,Conservative
80,38231.15,22,12,6,Conservative
32,378012.82,28,22,6,Moderate
50,283674.79,26,26,8,Aggressive
42,47715.7,30,24,2,Conservative
34,346762.83,9,4,9,Aggressive
50,244055.4,7,28,2,Conservative
64,36541.4,26,1,1,Conservative
72,485411.71,21,22,10,Moderate
19,475573.83,24,25,2,Conservative
31,266193.16,15,0,7,Moderate
70,64962.76,2,15,8,Conservative
57,382218.19,23,22,5,Moderate
57,256126.93,20,5,6,Conservative
68,165174.79,25,22,1,Conservative
56,255880.73,12,15,6,Moderate
68,270773.19,1,13,8,Conservative
23,290101.62,23,28,3,Conservative
23,231787.38,22,25,1,Conservative
20,310762.55,8,2,4,Moderate
24,460992.66,5,14,1,Conservative
68,193888.68,15,2,8,Moderate
25,368343.9,1,22,5,Conservative
59,449337.23,1,28,1,Conservative
69,238870.05,25,1,8,Conservative
32,232858.8,10,0,9,Conservative
64,309016.15,22,8,10,Moderate
46,303875.24,10,8,2,Conservative
50,407162.88,21,22,9,Aggressive
69,248712.02,15,6,8,Aggressive
47,498139.02,17,2,7,Aggressive
56,48546.35,22,25,3,Conservative
44,21520.57,6,30,2,Conservative
53,327295.19,3,17,7,Aggressive
46,163248.76,13,10,5,Moderate
55,135383.55,16,6,6,Moderate
74,169711.56,8,8,4,Conservative
50,142902.83,30,0,2,Conservative
78,34779.22,15,28,9,Moderate
54,486335.86,17,13,3,Conservative
44,125957.83,17,19,7,Aggressive
72,372334.29,22,5,8,Moderate
50,386046.27,26,6,2,Conservative
79,466043.55,13,9,6,Conservative
21,34663.74,17,6,8,Aggressive
39,438583.2,6,25,7,Aggressive
19,273068.57,17,1,3,Aggressive
27,323621.17,16,29,1,Conservative
22,329345.73,14,3,6,Moderate
76,413502.95,13,20,8,Moderate
27,180035.51,6,29,6,Moderate
50,371864.57,3,27,5,Moderate
71,273717.49,14,16,8,Moderate
55,400829.13,14,0,2,Conservative
30,495462.1,15,9,1,Aggressive
48,116312.49,8,18,1,Conservative
64,497431.35,29,30,4,Conservative
53,63109.83,15,14,6,Moderate
62,21112.42,22,9,9,Moderate
41,41197.73,29,18,1,Moderate
69,184055.55,27,11,1,Conservative
73,323795.04,13,23,5,Conservative
32,53134.18,17,15,10,Aggressive
46,22719.59,21,8,5,Moderate
25,469803.69,24,14,5,Moderate
22,414524.79,3,29,10,Aggressive
46,408407.92,28,26,6,Moderate
64,444523.65,6,27,8,Moderate
21,356016.45,5,16,3,Conservative
29,70113.98,22,13,9,Moderate
62,211568.09,26,26,1,Conservative
19,367111.75,17,17,4,Moderate
44,154560.54,23,25,9,Aggressive
48,349955.05,25,1,8,Moderate
68,31759.26,2,30,10,Conservative
68,166945.92,26,3,9,Moderate
53,283582.56,15,17,1,Conservative
53,323403.12,5,6,9,Aggressive
43,296979.52,26,12,3,Conservative
60,354923.01,20,14,10,Aggressive
44,22922.6,6,24,9,Aggressive
22,68451.78,6,22,1,Conservative
37,437093.24,27,27,1,Conservative
28,347239.35,18,21,9,Aggressive
79,74207.19,18,30,6,Conservative
27,424195.73,4,25,4,Moderate
57,136270.98,17,0,7,Moderate
55,249564.74,25,10,5,Moderate
23,89694.33,14,9,10,Aggressive
25,360852.83,14,24,7,Conservative
40,340090.12,13,4,8,Aggressive
64,121333.99,7,15,8,Moderate
43,434432.37,12,10,1,Conservative
63,212626.89,23,20,8,Moderate
60,160407.24,15,5,6,Moderate
29,93118.2,19,8,4,Moderate
43,147760.65,11,12,8,Aggressive
30,30572.92,15,23,3,Conservative
57,299963.6,12,7,4,Moderate
79,424270.76,3,13,6,Conservative
35,283510.62,17,23,7,Aggressive
42,125251.5,3,0,4,Conservative
50,36161.21,19,16,4,Moderate
64,123021.48,20,23,7,Moderate
57,219738.29,4,4,6,Moderate
77,384613.49,3,24,8,Moderate
60,110164.57,26,1,1,Conservative
29,365499.9,16,24,10,Aggressive
61,436128.06,12,27,7,Moderate
53,237894.49,8,29,7,Aggressive
65,414287.36,24,23,7,Aggressive
21,286235.53,29,8,7,Aggressive
22,325803.6,29,3,10,Aggressive
73,272613.66,17,16,10,Moderate
54,242322.9,7,16,8,Aggressive
25,132633.65,11,20,9,Aggressive
80,165533.15,18,17,9,Moderate
59,159185.66,1,15,2,Conservative
66,290378.69,3,29,7,Moderate
45,77577.77,4,7,7,Aggressive
48,460060.01,13,25,4,Moderate
75,365914.47,6,10,9,Moderate
26,212693.9,26,20,8,Aggressive
71,96139.59,14,20,1,Conservative
68,443356.24,5,17,2,Conservative
46,415413.48,16,22,2,Conservative
31,366426.35,15,28,8,Conservative
57,150342.58,15,23,1,Conservative
58,213174.39,30,9,4,Moderate
39,69319.16,4,12,10,Aggressive
28,110738.97,8,16,5,Moderate
40,395847.99,27,17,9,Aggressive
18,363218.59,16,9,7,Aggressive
63,304873.17,28,15,8,Moderate
54,449948.83,16,19,9,Moderate
38,299967.93,30,4,7,Moderate
43,244144.64,4,12,5,Moderate
63,183377.96,13,17,5,Conservative
53,471415.28,26,16,10,Aggressive
71,59703.42,28,8,6,Aggressive
40,466825.94,13,13,5,Moderate
74,416823.04,2,16,9,Conservative
18,82366.36,3,28,3,Conservative
80,291192.49,22,30,3,Conservative
71,435943.03,8,3,7,Moderate
72,294468.4,24,17,7,Moderate
68,455455.91,15,26,6,Conservative
57,472632.23,11,19,3,Conservative
32,222744.57,9,23,7,Aggressive
38,201110.56,7,23,5,Moderate
64,469434.15,13,14,7,Moderate
26,344067.23,2,10,2,Moderate
70,75690.89,8,11,6,Conservative
26,40300.04,7,8,8,Aggressive
27,291021.94,24,12,1,Conservative
69,466482.06,12,14,4,Conservative
74,425239.38,19,26,1,Conservative
70,344406.92,7,14,1,Conservative
43,86775.61,10,27,10,Aggressive
58,142031.06,29,4,8,Moderate
52,440245.39,25,22,7,Aggressive
80,107747.47,16,18,10,Moderate
69,153650.92,3,25,1,Conservative
42,82208.31,30,19,2,Conservative
43,344531.95,10,25,4,Moderate
28,473111.51,6,24,1,Conservative
55,149104.66,18,25,3,Conservative
19,248195.17,18,25,8,Aggressive
24,324483.08,5,13,8,Aggressive
35,499743.8,21,27,8,Aggressive
44,70307.87,29,16,6,Moderate
51,259313.98,7,17,6,Aggressive
44,204857.66,28,20,5,Moderate
34,435593.68,2,2,9,Moderate
60,248464.51,11,1,4,Conservative
76,73269.21,30,0,10,Conservative
61,324523.59,13,9,7,Moderate
76,389974.7,23,18,1,Conservative
68,21383.0,5,16,9,Moderate
71,432299.21,30,11,7,Moderate
41,109291.04,6,0,10,Moderate
42,284993.3,24,11,9,Aggressive
24,219582.8,26,16,7,Aggressive
69,365433.83,29,23,2,Conservative
23,198157.58,14,30,6,Moderate
70,437486.32,12,2,10,Moderate
41,370638.25,4,10,4,Moderate
50,330902.32,29,16,3,Conservative
66,402195.49,23,22,2,Conservative
46,381931.06,6,25,6,Moderate
80,37250.56,10,2,8,Moderate
60,209472.49,18,7,6,Moderate
39,466787.5,15,19,9,Aggressive
43,80347.65,8,3,5,Moderate
45,373806.34,26,20,2,Conservative
67,487804.07,9,21,8,Moderate
38,45055.34,5,6,9,Aggressive
66,347453.06,10,13,10,Moderate
24,244713.99,20,13,4,Conservative
34,298004.12,6,3,6,Moderate
37,60963.84,16,15,10,Aggressive
58,40643.34,24,23,8,Aggressive
66,340096.0,27,28,9,Moderate
37,415188.53,3,21,5,Moderate
71,395367.36,10,29,6,Conservative
39,281026.75,11,0,4,Moderate
45,67936.07,11,16,5,Moderate
80,350261.33,17,24,7,Moderate
78,136106.66,4,9,9,Moderate
57,457312.98,4,21,10,Aggressive
66,422367.37,17,15,6,Conservative
24,360503.82,9,15,6,Moderate
18,475446.06,19,25,8,Aggressive
49,35082.47,5,7,4,Moderate
30,373376.2,22,28,3,Conservative
47,178516.53,24,6,7,Aggressive
40,454911.63,6,27,5,Moderate
68,148004.09,3,5,2,Conservative
76,367931.12,22,15,2,Conservative
73,441270.57,1,19,6,Conservative
36,39995.27,20,15,8,Aggressive
79,210870.84,22,6,1,Conservative
49,385908.34,16,8,6,Moderate
47,238361.07,23,13,2,Conservative
46,148281.26,11,10,2,Conservative
66,125506.57,13,25,7,Moderate
62,83128.77,27,25,10,Moderate
46,431422.19,10,13,1,Conservative
47,296170.59,3,6,6,Moderate
33,56664.77,9,0,7,Moderate
57,203638.56,28,25,8,Aggressive
36,196512.15,12,24,7,Aggressive
35,107234.81,23,12,6,Moderate
18,229043.66,14,19,9,Aggressive
31,179407.7,1,30,3,Conservative
68,184065.78,18,2,6,Conservative
64,374732.75,17,19,4,Conservative
67,127166.43,27,3,2,Conservative
19,328092.78,9,28,1,Conservative
71,293911.82,9,25,1,Conservative
45,292684.41,23,10,10,Aggressive
66,338243.53,10,1,3,Conservative
67,283223.38,19,13,4,Conservative
47,442042.46,29,11,2,Conservative
55,344278.44,15,29,1,Conservative
68,282542.36,5,16,4,Conservative
80,418286.3,15,11,7,Moderate
21,310950.35,20,25,10,Aggressive
18,159749.24,23,11,6,Moderate
25,119405.56,30,0,6,Conservative
46,93117.34,25,12,9,Aggressive
72,451738.5,28,13,2,Conservative
56,360865.01,2,23,4,Conservative
20,469941.65,13,29,5,Aggressive
49,309580.07,24,1,1,Conservative
27,247232.42,16,11,8,Aggressive
27,48663.91,15,25,8,Aggressive
36,342388.3,25,20,6,Moderate
63,299460.2,10,27,5,Conservative
51,495300.27,14,15,8,Aggressive
77,134796.21,10,3,3,Conservative
50,274753.93,25,7,3,Conservative
40,332459.52,14,1,2,Aggressive
72,329403.76,26,9,5,Conservative
45,289420.9,30,8,3,Conservative
49,392925.44,23,22,3,Conservative
67,118390.98,9,14,6,Conservative
24,368301.06,25,12,8,Aggressive
46,317472.59,14,22,2,Conservative
25,450116.05,3,16,4,Moderate
18,426653.33,20,29,7,Moderate
74,171270.58,16,15,1,Conservative
72,152593.92,2,27,1,Conservative
20,491193.6,10,1,10,Moderate
41,273087.29,3,19,7,Aggressive
40,455082.06,11,19,7,Aggressive
76,98662.89,11,26,1,Conservative
80,328553.08,21,13,1,Conservative
78,408732.89,21,2,4,Conservative
25,474749.72,22,22,5,Moderate
71,181923.27,13,11,5,Conservative
74,367990.96,7,7,4,Conservative
64,278630.24,23,1,8,Conservative
54,49101.88,17,3,7,Aggressive
20,351199.87,30,13,9,Moderate
68,351246.35,2,15,7,Conservative
50,466691.27,12,18,10,Aggressive
45,258709.97,25,1,1,Conservative
64,130520.44,10,11,7,Moderate
25,41390.64,18,28,1,Conservative
51,219508.25,22,13,7,Aggressive
52,164920.02,27,5,10,Aggressive
49,385322.39,11,12,8,Aggressive
41,190048.53,16,3,9,Aggressive
31,475554.17,17,21,3,Conservative
49,481908.9,19,17,4,Moderate
73,318036.12,18,11,4,Conservative
63,465756.94,3,19,9,Moderate
60,385210.09,21,26,7,Aggressive
33,282492.63,27,21,3,Conservative
21,106547.81,26,29,10,Aggressive
69,240127.01,16,20,5,Conservative
54,289219.74,6,18,7,Aggressive
71,434701.56,25,7,8,Moderate
38,251040.02,12,6,1,Conservative
31,450883.84,11,15,2,Conservative
48,343687.51,15,18,7,Aggressive
72,85759.55,15,5,2,Conservative
65,497591.06,16,19,7,Moderate
35,273071.68,10,26,9,Aggressive
24,208091.98,12,20,2,Conservative
27,336374.61,28,10,7,Aggressive
24,72268.79,13,4,4,Moderate
50,325538.55,4,15,2,Conservative
40,259153.28,7,6,7,Aggressive
38,215203.55,22,26,5,Moderate
36,477449.61,2,4,1,Aggressive
65,270819.06,26,10,5,Conservative
78,125176.39,27,14,3,Conservative
36,240302.47,27,2,7,Aggressive
53,461305.95,27,25,6,Moderate
46,104525.83,15,4,8,Aggressive
77,122699.38,8,22,5,Conservative
35,26254.19,7,20,2,Conservative
19,26811.22,15,4,9,Aggressive
18,418107.98,23,8,8,Aggressive
64,371418.85,14,14,6,Conservative
22,190419.71,8,2,10,Aggressive
37,355189.36,28,28,7,Aggressive
28,209698.84,12,5,9,Aggressive
59,477390.46,13,16,7,Aggressive
80,484185.29,30,25,3,Conservative
19,208541.01,11,20,6,Moderate
20,430026.52,17,7,7,Aggressive
40,391082.74,29,20,2,Conservative
72,168799.97,17,24,3,Conservative
29,131379.12,24,10,4,Moderate
37,239952.63,4,5,10,Aggressive
22,395047.44,21,7,6,Moderate
54,480880.54,8,9,1,Conservative
55,386517.95,5,23,9,Aggressive
47,430499.35,26,28,5,Moderate
26,309470.87,16,2,7,Aggressive
51,420995.76,4,22,9,Aggressive
70,396522.01,28,13,9,Moderate
61,200953.06,22,22,1,Conservative
52,284955.35,29,13,1,Conservative
69,406281.5,15,9,3,Conservative
75,42107.23,12,11,6,Conservative
39,407878.06,5,5,2,Conservative
61,105386.3,30,11,10,Moderate
41,267048.14,23,22,1,Conservative
34,407972.21,16,13,1,Conservative
27,141834.12,14,1,5,Conservative
47,137987.57,10,8,4,Moderate
73,213326.91,7,9,1,Conservative
76,449428.54,13,25,4,Conservative
63,20212.54,20,16,3,Conservative
40,452663.89,28,16,2,Conservative
49,93827.37,29,2,9,Aggressive
34,495241.46,5,29,1,Conservative
67,478326.56,29,30,7,Moderate
68,257444.09,3,18,4,Conservative
34,266105.72,15,0,5,Conservative
31,251143.68,4,11,10,Aggressive
26,325012.95,15,6,5,Moderate
57,63546.42,14,3,1,Conservative
19,35656.62,20,9,6,Moderate
62,47697.41,19,12,9,Moderate
42,233295.37,13,1,2,Conservative
56,152263.01,10,9,7,Aggressive
26,318578.99,21,20,6,Moderate
71,496372.3,5,21,5,Conservative
39,205435.12,27,24,4,Moderate
60,295443.8,23,3,4,Moderate
63,219489.87,20,17,6,Conservative
21,426690.4,29,4,4,Moderate
43,453073.47,20,18,5,Moderate
75,441130.69,25,1,6,Moderate
46,487698.67,6,11,5,Moderate
62,33209.21,4,16,7,Moderate
51,423111.76,2,9,9,Moderate
40,380850.64,22,1,10,Moderate
54,129773.32,16,5,7,Aggressive
28,479033.64,18,7,7,Aggressive
23,91125.41,5,28,4,Moderate
35,346183.97,22,18,1,Conservative
38,127947.3,4,10,8,Aggressive
59,227062.71,30,30,4,Moderate
53,365196.75,13,24,1,Conservative
58,290395.83,19,30,5,Moderate
55,225200.88,23,11,8,Aggressive
51,176642.45,2,8,4,Conservative
34,423036.63,13,1,8,Moderate
54,89030.89,11,7,8,Aggressive
42,226449.38,30,25,3,Conservative
55,453803.63,22,10,9,Conservative
75,426007.78,29,27,3,Conservative
29,212452.05,4,20,1,Conservative
40,386292.01,22,3,2,Conservative
70,415117.2,20,9,6,Conservative
59,446665.96,20,20,10,Aggressive
39,281362.77,15,19,2,Conservative
38,118141.23,4,15,6,Conservative
44,142548.36,9,7,1,Conservative
74,161933.44,7,3,1,Conservative
48,305025.19,19,28,5,Moderate
23,35748.62,19,9,10,Aggressive
44,325300.39,6,11,9,Aggressive
57,194890.03,6,28,8,Aggressive
51,161716.07,20,13,3,Conservative
29,442158.35,15,15,3,Conservative
62,240801.15,15,21,1,Conservative
74,65625.46,25,17,3,Conservative
70,416838.45,20,20,1,Conservative
24,42867.8,9,21,8,Aggressive
27,368839.63,4,20,1,Conservative
62,391474.99,18,11,5,Conservative
34,189249.25,18,17,9,Aggressive
43,415898.17,5,29,7,Aggressive
38,267516.51,20,6,4,Moderate
45,242380.95,23,19,9,Aggressive
79,41793.58,30,23,9,Conservative
75,159214.01,11,22,2,Conservative
63,466884.79,5,6,10,Moderate
19,208075.5,22,8,10,Aggressive
77,282416.25,26,0,6,Moderate
71,275370.41,4,25,4,Conservative
60,303406.92,29,5,8,Aggressive
18,49438.86,12,5,7,Aggressive
68,193844.6,2,21,7,Conservative
70,367101.57,13,28,10,Moderate
53,116268.92,10,11,9,Aggressive
68,117717.62,9,21,5,Conservative
43,24843.49,10,11,6,Moderate
46,229991.32,7,9,1,Conservative
38,443712.5,4,22,6,Moderate
28,44912.45,19,29,2,Conservative
57,111736.98,10,25,6,Moderate
28,168840.58,30,5,9,Aggressive
53,371227.87,3,16,8,Aggressive
66,327505.08,25,18,9,Moderate
76,219653.07,21,17,10,Moderate
56,384353.09,29,5,8,Aggressive
57,312622.89,19,23,3,Conservative
52,450099.58,21,18,8,Aggressive
71,412652.84,2,9,6,Conservative
51,141350.53,27,23,6,Moderate
72,150290.52,20,7,6,Conservative
64,80171.11,10,20,3,Conservative
41,181743.07,2,23,10,Moderate
71,499781.08,2,5,1,Conservative
39,214760.56,28,20,4,Moderate
22,125834.45,24,24,10,Aggressive
73,385991.78,17,29,6,Conservative
50,280386.08,16,6,10,Aggressive
75,91808.7,16,23,2,Conservative
53,202731.05,14,0,7,Moderate
64,218945.46,7,26,7,Moderate
37,381838.26,21,17,4,Moderate
36,29922.26,11,23,4,Moderate
52,149129.43,24,27,1,Conservative
69,268446.22,1,24,2,Conservative
60,149046.44,11,19,9,Aggressive
34,321648.34,23,11,10,Conservative
79,251296.39,21,15,8,Conservative
76,193620.92,4,9,8,Moderate
62,475620.14,7,26,9,Moderate
60,323436.56,26,9,7,Aggressive
51,82371.86,15,13,9,Aggressive
26,288844.01,18,24,10,Aggressive
43,394751.29,12,19,2,Moderate
19,360075.05,17,9,6,Moderate
70,102602.83,1,9,3,Conservative
26,486761.6,11,25,6,Moderate
26,235430.55,28,24,3,Conservative
57,96332.0,1,10,8,Moderate
34,106493.96,15,22,4,Moderate
18,67152.8,28,1,10,Moderate
42,405688.69,21,24,6,Moderate
78,78574.64,10,19,9,Moderate
60,80060.12,7,7,2,Conservative
57,428226.38,2,29,2,Conservative
59,185409.96,10,22,7,Aggressive
42,34811.79,24,28,2,Conservative
56,44909.74,4,30,2,Conservative
52,88241.81,12,6,4,Moderate
20,122428.81,19,7,9,Aggressive
67,339270.17,26,0,8,Conservative
54,95516.61,11,20,2,Conservative
61,77059.71,8,1,8,Conservative
61,387065.19,18,17,4,Conservative
68,342106.54,11,14,2,Conservative
47,228955.63,11,0,10,Moderate
55,283668.69,13,4,7,Conservative
51,169752.33,3,1,6,Conservative
29,251600.2,12,19,10,Aggressive
36,263202.87,3,2,5,Moderate
54,205873.89,10,18,1,Conservative
61,455154.66,27,17,2,Conservative
76,27709.7,17,28,8,Moderate
76,395442.21,22,21,1,Conservative
66,79703.76,2,17,3,Conservative
78,402822.73,17,13,2,Conservative
34,315637.72,16,29,5,Moderate
27,424773.48,2,23,4,Conservative
74,66806.88,28,7,7,Moderate
72,288310.7,22,28,5,Conservative
66,260522.18,30,29,8,Moderate
64,358972.73,20,11,4,Aggressive
29,276459.46,6,20,6,Moderate
79,279552.59,28,9,4,Conservative
33,226206.05,25,22,2,Conservative
41,168240.52,29,19,1,Conservative
36,251486.89,10,16,1,Conservative
25,76876.33,28,10,8,Aggressive
48,481526.4,10,1,4,Conservative
38,362917.17,8,25,5,Moderate
34,477184.22,1,25,8,Moderate
40,128829.14,13,3,7,Aggressive
54,442083.69,24,0,8,Moderate
71,408219.19,9,14,8,Moderate
33,345033.16,22,12,6,Moderate
23,320014.01,10,7,10,Aggressive
25,171943.84,15,24,2,Conservative
42,411877.18,5,3,6,Moderate
35,260727.42,22,9,1,Conservative
42,54027.96,16,18,1,Moderate
29,170174.32,13,17,3,Conservative
32,468942.61,22,4,3,Conservative
76,428326.53,25,29,5,Conservative
43,491314.74,20,18,1,Conservative
58,321436.82,18,25,10,Aggressive
62,138804.84,11,22,6,Conservative
43,98151.22,27,26,7,Moderate
64,109718.93,9,21,10,Moderate
49,29501.92,16,15,3,Conservative
27,207527.41,2,0,4,Conservative
33,111885.29,26,11,10,Aggressive
24,217594.62,25,23,10,Aggressive
34,468797.33,2,1,10,Conservative
40,226659.3,12,20,10,Aggressive
